"Abruzzo","Pescara"
"Abruzzo","L’Aquila"
"Basilicata","Potenza"
"Calabria","Cosenza"
"Calabria","Reggio di Calabria"
"Calabria","Catanzaro"
"Calabria","Nicastro"
"Calabria","Tropea"
"Campania","Naples"
"Campania","Salerno"
"Campania","Giugliano in Campania"
"Campania","Torre del Greco"
"Campania","Pozzuoli"
"Campania","Casoria"
"Campania","Caserta"
"Campania","Castellammare di Stabia"
"Campania","Afragola"
"Campania","Marano di Napoli"
"Campania","Portici"
"Campania","Cava de’ Tirreni"
"Campania","Ercolano"
"Campania","Aversa"
"Campania","Scafati"
"Campania","San Giorgio a Cremano"
"Campania","Torre Annunziata"
"Campania","Pomigliano d’Arco"
"Campania","Marcianise"
"Campania","Melito di Napoli"
"Campania","Caivano"
"Campania","Mugnano di Napoli"
"Campania","Pagani"
"Campania","Angri"
"Campania","Sant’Antimo"
"Campania","Arzano"
"Campania","Santa Maria Capua Vetere"
"Campania","Villaricca"
"Campania","San Giuseppe Vesuviano"
"Campania","Marigliano"
"Campania","Frattamaggiore"
"Campania","Sant’Anastasia"
"Campania","Boscoreale"
"Campania","Bacoli"
"Campania","Qualiano"
"Campania","Pompei"
"Campania","Poggiomarino"
"Campania","Cardito"
"Campania","Trentola"
"Campania","Ischia"
"Campania","Sant’Antonio Abate"
"Campania","Forio"
"Campania","Grumo Nevano"
"Campania","Cercola"
"Campania","Brusciano"
"Campania","Sorrento"
"Campania","Frattaminore"
"Campania","Sant’Arpino"
"Campania","Santa Maria a Vico"
"Campania","Casandrino"
"Campania","Gricignano d’Aversa"
"Campania","Calvizzano"
"Campania","Piano di Sorrento"
"Campania","Cicciano"
"Campania","San Prisco"
"Campania","San Gennaro Vesuviano"
"Campania","Monte di Procida"
"Campania","Atripalda"
"Campania","San Marzano sul Sarno"
"Campania","Procida"
"Campania","Macerata Campania"
"Campania","Capodrise"
"Campania","Boscotrecase"
"Campania","Cesa"
"Campania","Roccapiemonte"
"Campania","San Sebastiano al Vesuvio"
"Campania","Sant’Agnello"
"Campania","Casapulla"
"Campania","Mariglianella"
"Campania","Portico di Caserta"
"Campania","Recale"
"Campania","Cimitile"
"Campania","Camposano"
"Campania","Lacco Ameno"
"Campania","Sant’Agata sui Due Golfi"
"Campania","Marina di Camerota"
"Emilia-Romagna","Bologna"
"Emilia-Romagna","Parma"
"Emilia-Romagna","Modena"
"Emilia-Romagna","Reggio Emilia"
"Emilia-Romagna","Ravenna"
"Emilia-Romagna","Rimini"
"Emilia-Romagna","Ferrara"
"Emilia-Romagna","Forlì"
"Emilia-Romagna","Roncaglia"
"Emilia-Romagna","Piacenza"
"Emilia-Romagna","Casalecchio di Reno"
"Emilia-Romagna","Riccione Marina"
"Emilia-Romagna","Cattolica"
"Emilia-Romagna","Gambettola"
"Emilia-Romagna","Porretta Terme"
"Friuli Venezia Giulia","Trieste"
"Friuli Venezia Giulia","Udine"
"Friuli Venezia Giulia","Pordenone"
"Friuli Venezia Giulia","Monfalcone"
"Friuli Venezia Giulia","Villa Opicina"
"Friuli Venezia Giulia","Bárcola"
"Lazio","Rome"
"Lazio","Latina"
"Lazio","Acilia"
"Lazio","Anzio"
"Lazio","Marino"
"Lazio","Albano Laziale"
"Lazio","Ciampino"
"Lazio","Genzano di Roma"
"Lazio","Pavona"
"Lazio","Cecchina"
"Lazio","Colonna"
"Lazio","Passo Corese"
"Liguria","Genoa"
"Liguria","Chiavari"
"Liguria","Albisola Marina"
"Liguria","Riva Ligure"
"Lombardy","Milan"
"Lombardy","Brescia"
"Lombardy","Monza"
"Lombardy","Bergamo"
"Lombardy","Como"
"Lombardy","Busto Arsizio"
"Lombardy","Sesto San Giovanni"
"Lombardy","Varese"
"Lombardy","Cinisello Balsamo"
"Lombardy","Legnano"
"Lombardy","Gallarate"
"Lombardy","Rho"
"Lombardy","Paderno Dugnano"
"Lombardy","Cologno Monzese"
"Lombardy","Lissone"
"Lombardy","Seregno"
"Lombardy","Desio"
"Lombardy","Rozzano"
"Lombardy","Cantù"
"Lombardy","San Giuliano Milanese"
"Lombardy","Cesano Maderno"
"Lombardy","Saronno"
"Lombardy","Bollate"
"Lombardy","Pioltello"
"Lombardy","Brugherio"
"Lombardy","Cernusco sul Naviglio"
"Lombardy","Limbiate"
"Lombardy","Corsico"
"Lombardy","San Donato Milanese"
"Lombardy","Parabiago"
"Lombardy","Garbagnate Milanese"
"Lombardy","Lainate"
"Lombardy","Bresso"
"Lombardy","Vimercate"
"Lombardy","Seriate"
"Lombardy","Mariano Comense"
"Lombardy","Seveso"
"Lombardy","Muggiò"
"Lombardy","Meda"
"Lombardy","Dalmine"
"Lombardy","Trezzano sul Naviglio"
"Lombardy","Senago"
"Lombardy","Gorgonzola"
"Lombardy","Cornaredo"
"Lombardy","Cormano"
"Lombardy","Novate Milanese"
"Lombardy","Arese"
"Lombardy","Cusano Milanino"
"Lombardy","Melzo"
"Lombardy","Melegnano"
"Lombardy","Arcore"
"Lombardy","Carate Brianza"
"Lombardy","Nerviano"
"Lombardy","Malnate"
"Lombardy","Concorezzo"
"Lombardy","Agrate Brianza"
"Lombardy","Merate"
"Lombardy","Ospitaletto"
"Lombardy","Opera"
"Lombardy","Rescaldina"
"Lombardy","Cassina de’ Pecchi"
"Lombardy","Castellanza"
"Lombardy","Solaro"
"Lombardy","Varedo"
"Lombardy","Calolziocorte"
"Lombardy","Olgiate Olona"
"Lombardy","Canegrate"
"Lombardy","Fagnano Olona"
"Lombardy","Biassono"
"Lombardy","Baranzate"
"Lombardy","Paullo"
"Lombardy","Bonate di Sopra"
"Lombardy","Fino Mornasco"
"Lombardy","Lurate Caccivio"
"Lombardy","Vaprio d’Adda"
"Lombardy","Vanzago"
"Lombardy","Vittuone"
"Lombardy","Torre Boldone"
"Lombardy","Brembate"
"Lombardy","Pogliano Milanese"
"Lombardy","Capriate San Gervasio"
"Lombardy","Marnate"
"Lombardy","Rovellasca"
"Lombardy","Carnate"
"Lombardy","Curno"
"Lombardy","Cavenago di Brianza"
"Lombardy","Binasco"
"Lombardy","Barlassina"
"Lombardy","Albiate"
"Lombardy","Villa di Serio"
"Lombardy","Gorle"
"Lombardy","Villa Cortese"
"Lombardy","Cavaria"
"Lombardy","Trezzano Rosa"
"Lombardy","Albizzate"
"Lombardy","Arosio"
"Lombardy","Castronno"
"Lombardy","Barzanò"
"Lombardy","Lomagna"
"Lombardy","Ponte Lambro"
"Lombardy","Malgrate"
"Lombardy","Solbiate Arno"
"Lombardy","Rancate"
"Marche","Ancona"
"Marche","San Benedetto del Tronto"
"Marche","Porto Sant’Elpidio"
"Marche","Porto San Giorgio"
"Marche","Marotta"
"Marche","Porto Potenza Picena"
"Molise","Campobasso"
"Piedmont","Turin"
"Piedmont","Novara"
"Piedmont","Collegno"
"Piedmont","Rivoli"
"Piedmont","Nichelino"
"Piedmont","Settimo Torinese"
"Piedmont","Grugliasco"
"Piedmont","Venaria Reale"
"Piedmont","San Mauro Torinese"
"Piedmont","Beinasco"
"Piedmont","Alpignano"
"Piedmont","Bruino"
"Province","City"
"Puglia","Bari"
"Puglia","Taranto"
"Puglia","Foggia"
"Puglia","Calimera"
"Puglia","Triggiano"
"Puglia","Ginosa Marina"
"Puglia","Merine"
"Sardegna","Cagliari"
"Sardegna","Sassari"
"Sardegna","Pirri"
"Sardegna","Monserrato"
"Sicilia","Palermo"
"Sicilia","Catania"
"Sicilia","Messina"
"Sicilia","Siracusa"
"Sicilia","Bagheria"
"Sicilia","Acireale"
"Sicilia","Misterbianco"
"Sicilia","Mascalucia"
"Sicilia","Milazzo"
"Sicilia","Aci Catena"
"Sicilia","San Giovanni la Punta"
"Sicilia","Pozzallo"
"Sicilia","Aci Sant’Antonio"
"Sicilia","San Gregorio di Catania"
"Sicilia","Capaci"
"Sicilia","Isola delle Femmine"
"Sicilia","Aci Bonaccorsi"
"Trentino-Alto Adige","Trento"
"Trentino-Alto Adige","Bolzano"
"Trentino-Alto Adige","Merano"
"Tuscany","Florence"
"Tuscany","Prato"
"Tuscany","Livorno"
"Tuscany","Viareggio"
"Tuscany","Campi Bisenzio"
"Tuscany","Agliana"
"Tuscany","Poggio a Caiano"
"Tuscany","Venturina"
"Tuscany","Porto Santo Stefano"
"Tuscany","Fornacette"
"Tuscany","Marina di Pisa"
"Tuscany","Vada"
"Tuscany","Rosia"
"Umbria","Perugia"
"Umbria","Terni"
"Umbria","Santa Maria degli Angeli"
"Umbria","Petrignano"
"Valle d’Aosta","Aosta"
"Veneto","Verona"
"Veneto","Venice"
"Veneto","Padova"
"Veneto","Vicenza"
"Veneto","Mestre"
"Veneto","Treviso"
"Veneto","Spinea"
"Veneto","Albignasego"
"Veneto","San Giovanni Lupatoto"
"Veneto","Thiene"
"Veneto","Cadoneghe"
"Veneto","Fiesso d’Artico"
"Veneto","Murano"
"Veneto","Pellestrina"
