"make","model"
"AC","ACE"
"AC","Aceca"
"AC","Cobra"
"Acura","CL"
"Acura","CSX"
"Acura","EL"
"Acura","ILX"
"Acura","Integra"
"Acura","MDX"
"Acura","NSX"
"Acura","RDX"
"Acura","RL"
"Acura","RLX"
"Acura","RSX"
"Acura","SLX"
"Acura","TL"
"Acura","TLX"
"Acura","TSX"
"Acura","ZDX"
"Adler","Diplomat"
"Adler","Trumpf Junior"
"Alfa Romeo","105/115"
"Alfa Romeo",145
"Alfa Romeo",146
"Alfa Romeo",147
"Alfa Romeo",155
"Alfa Romeo",156
"Alfa Romeo",159
"Alfa Romeo",164
"Alfa Romeo",166
"Alfa Romeo",33
"Alfa Romeo","4C"
"Alfa Romeo",6
"Alfa Romeo",75
"Alfa Romeo","8C Competizione"
"Alfa Romeo","Brera"
"Alfa Romeo","Giulia"
"Alfa Romeo","Giulietta"
"Alfa Romeo","GT"
"Alfa Romeo","GTV"
"Alfa Romeo","MiTo"
"Alfa Romeo","Montreal"
"Alfa Romeo","S.Z./R.Z."
"Alfa Romeo","Spider"
"Alfa Romeo","Stelvio"
"Alpina","B10"
"Alpina","B12"
"Alpina","B3"
"Alpina","B4"
"Alpina","B5"
"Alpina","B6"
"Alpina","B7"
"Alpina","B8"
"Alpina","D10"
"Alpina","D3"
"Alpina","D4"
"Alpina","D5"
"Alpina","Roadster"
"Alpina","Roadster S"
"Alpina","Roadster V8"
"Alpina","XD3"
"Alpina","XD4"
"Alpine","A110"
"Alpine","A310"
"Alpine","A610"
"Alpine","GTA"
"AMC","Eagle"
"AMC","Hornet"
"Apal","21541 Stalker"
"Aro",10
"Aro",24
"Aro","Spartana"
"Asia","Rocsta"
"Asia","Topic"
"Aston Martin","Cygnet"
"Aston Martin","DB AR1"
"Aston Martin","DB11"
"Aston Martin","DB7"
"Aston Martin","DB9"
"Aston Martin","DBS"
"Aston Martin","DBX"
"Aston Martin","Lagonda"
"Aston Martin","Rapide"
"Aston Martin","V8 Vantage"
"Aston Martin","V8 Zagato"
"Aston Martin","Vanquish"
"Aston Martin","Vantage"
"Aston Martin","Virage"
"Audi",100
"Audi",200
"Audi",50
"Audi",80
"Audi",90
"Audi",920
"Audi","A1"
"Audi","A2"
"Audi","A3"
"Audi","A4"
"Audi","A4 allroad"
"Audi","A5"
"Audi","A5 Sportback"
"Audi","A6"
"Audi","A6 allroad"
"Audi","A7"
"Audi","A8"
"Audi","Allroad"
"Audi","Cabriolet"
"Audi","Coupe"
"Audi","e-tron"
"Audi","NSU RO 80"
"Audi","Q2"
"Audi","Q3"
"Audi","Q3 Sportback"
"Audi","Q5"
"Audi","Q7"
"Audi","Q8"
"Audi","Quattro"
"Audi","R8"
"Audi","R8 LMP"
"Audi","RS 2"
"Audi","RS 3"
"Audi","RS 4"
"Audi","RS 5"
"Audi","RS 6"
"Audi","RS 7"
"Audi","RS Q3"
"Audi","RS Q3 Sportback"
"Audi","RS Q8"
"Audi","S1"
"Audi","S2"
"Audi","S3"
"Audi","S4"
"Audi","S5"
"Audi","S6"
"Audi","S7"
"Audi","S8"
"Audi","SQ2"
"Audi","SQ5"
"Audi","SQ7"
"Audi","SQ8"
"Audi","TT"
"Audi","TT RS"
"Audi","TTS"
"Audi","V8"
"Aurus","Senat"
"Austin","FL2"
"Austin","Metro"
"Austin","Montego"
"Austin","Sprite"
"Austin Healey",100
"Austin Healey",3000
"Autobianchi","A 112"
"Autocam",2160
"Autocam",2163
"Autocam",3101
"Baic","Jeep Cherokee 2500"
"Baic","Luba (XB624)"
"Baic","A1"
"Baic","Beijing BJ80"
"Baic","BJ2020"
"Baic","BJ2026"
"Baic","BJ212"
"Baic","EU260"
"Baic","Huansu H2"
"Baic","Senova"
"Bajaj","Qute"
"Baltijas Dzips","BD-1322"
"Batmobile",1989
"Batmobile",2018
"Beijing","BJ 2020"
"Bentley","Arnage"
"Bentley","Azure"
"Bentley","Bentayga"
"Bentley","Brooklands"
"Bentley","Continental"
"Bentley","Continental Flying Spur"
"Bentley","Continental GT"
"Bentley","Eight"
"Bentley","Flying Spur"
"Bentley","Mark VI"
"Bentley","Mulsanne"
"Bentley","R Type"
"Bentley","S"
"Bentley","T-series"
"Bentley","Turbo R"
"Bertone","Freeclimber"
"Bilenkin","Vintage"
"Bitter","CD"
"Bitter","Type 3"
"BMW","02 (E10)"
"BMW","1 Series"
"BMW","1M"
"BMW","2 Series"
"BMW","2 Series Active Tourer"
"BMW","2 Series Grand Tourer"
"BMW","3 Series"
"BMW",321
"BMW",326
"BMW",327
"BMW",340
"BMW","4 Series"
"BMW","5 Series"
"BMW","6 Series"
"BMW","7 Series"
"BMW","8 Series"
"BMW","i3"
"BMW","i8"
"BMW","M1"
"BMW","M2"
"BMW","M3"
"BMW","M4"
"BMW","M5"
"BMW","M6"
"BMW","M8"
"BMW","X1"
"BMW","X2"
"BMW","X3"
"BMW","X3 M"
"BMW","X4"
"BMW","X4 M"
"BMW","X5"
"BMW","X5 M"
"BMW","X6"
"BMW","X6 M"
"BMW","X7"
"BMW","Z1"
"BMW","Z3"
"BMW","Z3 M"
"BMW","Z4"
"BMW","Z4 M"
"BMW","Z8"
"Borgward","BX5"
"Borgward","BX7"
"Borgward","Hansa 1100"
"Brabus","ML 63 Biturbo"
"Brilliance","BS2"
"Brilliance","BS4"
"Brilliance","BS6"
"Brilliance","FRV (BS2)"
"Brilliance","H230"
"Brilliance","H530"
"Brilliance","M1"
"Brilliance","M1 (BS6)"
"Brilliance","M2"
"Brilliance","M2 (BS4)"
"Brilliance","M3"
"Brilliance","M3 (BC3)"
"Brilliance","V3"
"Brilliance","V5"
"Bristol","Blenheim"
"Bristol","Blenheim Speedster"
"Bristol","Fighter"
"Bristol","Speedster"
"Bufori","Geneva"
"Bufori","La Joya"
"Bugatti","Chiron"
"Bugatti","EB 110"
"Bugatti","EB 112"
"Bugatti","EB Veyron 16.4"
"Bugatti","Type 55"
"Bugatti","Veyron"
"Buick","Cascada"
"Buick","Century"
"Buick","Electra"
"Buick","Enclave"
"Buick","Encore"
"Buick","Envision"
"Buick","Estate Wagon"
"Buick","Excelle"
"Buick","GL8"
"Buick","GS"
"Buick","LaCrosse"
"Buick","LE Sabre"
"Buick","LeSabre"
"Buick","Limited"
"Buick","Lucerne"
"Buick","Park Avenue"
"Buick","Rainer"
"Buick","Rainier"
"Buick","Reatta"
"Buick","Regal"
"Buick","Rendezvous"
"Buick","Riviera"
"Buick","Roadmaster"
"Buick","Skyhawk"
"Buick","Skylark"
"Buick","Special"
"Buick","Super"
"Buick","Terraza"
"Buick","Verano"
"Buick","Wildcat"
"BYD","F0"
"BYD","F3"
"BYD","F3-R"
"BYD","F5"
"BYD","F6"
"BYD","F8"
"BYD","F8 (S8)"
"BYD","Flyer"
"BYD","G3"
"BYD","G6"
"BYD","L3"
"BYD","M6"
"BYD","S6"
"Cadillac","Allante"
"Cadillac","ATS"
"Cadillac","ATS-V"
"Cadillac","BLS"
"Cadillac","Brougham"
"Cadillac","Catera"
"Cadillac","CT4"
"Cadillac","CT4-V"
"Cadillac","CT5"
"Cadillac","CT5-V"
"Cadillac","CT6"
"Cadillac","CTS"
"Cadillac","CTS-V"
"Cadillac","De Ville"
"Cadillac","DeVille"
"Cadillac","DTS"
"Cadillac","Eldorado"
"Cadillac","ELR"
"Cadillac","Escalade"
"Cadillac","Fleetwood"
"Cadillac","LSE"
"Cadillac","Series 62"
"Cadillac","Seville"
"Cadillac","Sixty Special"
"Cadillac","SRX"
"Cadillac","STS"
"Cadillac","XLR"
"Cadillac","XT4"
"Cadillac","XT5"
"Cadillac","XT6"
"Cadillac","XTS"
"Callaway","C12"
"Carbodies","FX4"
"Carbodies","FX4S"
"Caterham",21
"Caterham","CSR"
"Caterham","Seven"
"Chana","Benni"
"Changan","Alsvin V7"
"Changan","BenBen Mini"
"Changan","Benni"
"Changan","CM-8"
"Changan","CS35"
"Changan","CS35PLUS"
"Changan","CS55"
"Changan","CS75"
"Changan","CX20"
"Changan","Eado"
"Changan","Raeton"
"Changan","Z-Shine"
"ChangFeng","Flying"
"ChangFeng","SUV (CS6)"
"Changhe","Ideal"
"Chery","Amulet"
"Chery","Arrizo 3"
"Chery","Arrizo 7"
"Chery","B13"
"Chery","Bonus"
"Chery","CrossEastar"
"Chery","E5"
"Chery","Eastar"
"Chery","Fora"
"Chery","IndiS"
"Chery","Karry"
"Chery","Kimo"
"Chery","M11"
"Chery","Oriental Son"
"Chery","QQ"
"Chery","QQ6"
"Chery","QQme"
"Chery","Sweet (QQ)"
"Chery","Tiggo"
"Chery","Tiggo 2"
"Chery","Tiggo 3"
"Chery","Tiggo 4"
"Chery","Tiggo 5"
"Chery","Tiggo 7"
"Chery","Tiggo 7 Pro"
"Chery","Tiggo 8"
"Chery","Very"
"Chery","Windcloud"
"CheryExeed","TXL"
"Chevrolet","Agile"
"Chevrolet","Alero"
"Chevrolet","Apache"
"Chevrolet","Astra"
"Chevrolet","Astro"
"Chevrolet","Avalanche"
"Chevrolet","Aveo"
"Chevrolet","Beat"
"Chevrolet","Beretta"
"Chevrolet","Blazer"
"Chevrolet","C/K"
"Chevrolet","Camaro"
"Chevrolet","Caprice"
"Chevrolet","Captiva"
"Chevrolet","Cavalier"
"Chevrolet","Celebrity"
"Chevrolet","Celta"
"Chevrolet","Chevelle"
"Chevrolet","Chevette"
"Chevrolet","Citation"
"Chevrolet","Cobalt"
"Chevrolet","Colorado"
"Chevrolet","Corsa"
"Chevrolet","Corsica"
"Chevrolet","Corvair"
"Chevrolet","Corvette"
"Chevrolet","Cruze"
"Chevrolet","CSV CR8"
"Chevrolet","D20"
"Chevrolet","Deluxe"
"Chevrolet","El Camino"
"Chevrolet","Enjoy"
"Chevrolet","Epica"
"Chevrolet","Equinox"
"Chevrolet","Evanda"
"Chevrolet","Express"
"Chevrolet","Forester"
"Chevrolet","Grand Vitara"
"Chevrolet","HHR"
"Chevrolet","Impala"
"Chevrolet","Ipanema"
"Chevrolet","Jimny"
"Chevrolet","Kadett"
"Chevrolet","Kalos"
"Chevrolet","Kommando"
"Chevrolet","Lacetti"
"Chevrolet","Lanos"
"Chevrolet","Lova"
"Chevrolet","Lumina"
"Chevrolet","Lumina APV"
"Chevrolet","LUV D-MAX"
"Chevrolet","Malibu"
"Chevrolet","Master"
"Chevrolet","Matiz"
"Chevrolet","Meriva"
"Chevrolet","Metro"
"Chevrolet","Montana"
"Chevrolet","Monte Carlo"
"Chevrolet","Monza"
"Chevrolet","MW"
"Chevrolet","N200"
"Chevrolet","N300"
"Chevrolet","Nexia"
"Chevrolet","Niva"
"Chevrolet","Nova"
"Chevrolet","Nubira"
"Chevrolet","Omega"
"Chevrolet","Onix"
"Chevrolet","Optra"
"Chevrolet","Orlando"
"Chevrolet","Prisma"
"Chevrolet","Prizm"
"Chevrolet","Rezzo"
"Chevrolet","S-10"
"Chevrolet","Sail"
"Chevrolet","Silverado"
"Chevrolet","Sonic"
"Chevrolet","Sonora"
"Chevrolet","Spark"
"Chevrolet","Spin"
"Chevrolet","SS"
"Chevrolet","SSR"
"Chevrolet","Starcraft"
"Chevrolet","Suburban"
"Chevrolet","Tacuma"
"Chevrolet","Tahoe"
"Chevrolet","Tavera"
"Chevrolet","Tornado"
"Chevrolet","Tracker"
"Chevrolet","TrailBlazer"
"Chevrolet","Trans Sport"
"Chevrolet","Traverse"
"Chevrolet","Uplander"
"Chevrolet","Utility"
"Chevrolet","Van"
"Chevrolet","Vectra"
"Chevrolet","Vega"
"Chevrolet","Venture"
"Chevrolet","Vitara"
"Chevrolet","Viva"
"Chevrolet","Vivant"
"Chevrolet","Volt"
"Chevrolet","Zafira"
"Chrysler","300 Letter Series"
"Chrysler","300C"
"Chrysler","300M"
"Chrysler","Aspen"
"Chrysler","Cirrus"
"Chrysler","Concorde"
"Chrysler","Cordoba"
"Chrysler","Crossfire"
"Chrysler","Daytona"
"Chrysler","ES"
"Chrysler","Fifth Avenue"
"Chrysler","Imperial"
"Chrysler","Intrepid"
"Chrysler","LeBaron"
"Chrysler","LHS"
"Chrysler","Neon"
"Chrysler","New Yorker"
"Chrysler","Newport"
"Chrysler","Pacifica"
"Chrysler","Prowler"
"Chrysler","PT Cruiser"
"Chrysler","Sebring"
"Chrysler","TC by Maserati"
"Chrysler","Town & Country"
"Chrysler","Town and Country"
"Chrysler","Vision"
"Chrysler","Voyager"
"Citroen","2 CV"
"Citroen","AX"
"Citroen","Berlingo"
"Citroen","BX"
"Citroen","C-Crosser"
"Citroen","C-Elysee"
"Citroen","C-Triomphe"
"Citroen","C1"
"Citroen","C2"
"Citroen","C3"
"Citroen","C3 AirCross"
"Citroen","C3 Picasso"
"Citroen","C4"
"Citroen","C4 AirCross"
"Citroen","C4 Cactus"
"Citroen","C4 Picasso"
"Citroen","C4 Spacetourer"
"Citroen","C5"
"Citroen","C5 AirCross"
"Citroen","C6"
"Citroen","C8"
"Citroen","CX"
"Citroen","DS"
"Citroen","DS3"
"Citroen","DS4"
"Citroen","DS5"
"Citroen","Evasion"
"Citroen","Jumpy"
"Citroen","Nemo"
"Citroen","Saxo"
"Citroen","SpaceTourer"
"Citroen","Visa"
"Citroen","Xantia"
"Citroen","XM"
"Citroen","Xsara"
"Citroen","Xsara Picasso"
"Citroen","ZX"
"Cizeta","V16T"
"Coggiola","T Rex"
"Coggiola","T-Rex"
"Combat","T98"
"Cord","L-29"
"Dacia",1310
"Dacia",1325
"Dacia","1325 Liberta"
"Dacia","Dokker"
"Dacia","Duster"
"Dacia","Logan"
"Dacia","Nova"
"Dacia","Pick-Up"
"Dacia","Sandero"
"Dacia","Solenza"
"Dacia","SuperNova"
"Dadi","City Leading"
"Dadi","Shuttle"
"Dadi","Smoothing"
"Daewoo","Alpheon"
"Daewoo","Arcadia"
"Daewoo","Chairman"
"Daewoo","Damas"
"Daewoo","Espero"
"Daewoo","Evanda"
"Daewoo","G2X"
"Daewoo","Gentra"
"Daewoo","Kalos"
"Daewoo","Korando"
"Daewoo","Lacetti"
"Daewoo","Lacetti Premiere"
"Daewoo","Lanos"
"Daewoo","Leganza"
"Daewoo","LeMans"
"Daewoo","Magnus"
"Daewoo","Matiz"
"Daewoo","Matiz Creative"
"Daewoo","Musso"
"Daewoo","Nexia"
"Daewoo","Nubira"
"Daewoo","Prince"
"Daewoo","Racer"
"Daewoo","Rezzo"
"Daewoo","Royale"
"Daewoo","Sens"
"Daewoo","Tacuma"
"Daewoo","Tico"
"Daewoo","Tosca"
"Daewoo","Winstorm"
"Daihatsu","Altis"
"Daihatsu","Applause"
"Daihatsu","Atrai"
"Daihatsu","Be-go"
"Daihatsu","Bee"
"Daihatsu","Boon"
"Daihatsu","Boon Luminas"
"Daihatsu","Cast"
"Daihatsu","Ceria"
"Daihatsu","Charade"
"Daihatsu","Charmant"
"Daihatsu","Coo"
"Daihatsu","Copen"
"Daihatsu","Cuore"
"Daihatsu","Delta Wagon"
"Daihatsu","Esse"
"Daihatsu","Extol"
"Daihatsu","Fellow"
"Daihatsu","Feroza"
"Daihatsu","Gran Move"
"Daihatsu","Hijet"
"Daihatsu","Leeza"
"Daihatsu","Materia"
"Daihatsu","MAX"
"Daihatsu","Mebius"
"Daihatsu","Midget"
"Daihatsu","Mira"
"Daihatsu","Mira e:S"
"Daihatsu","Mira Gino"
"Daihatsu","Move"
"Daihatsu","Move Canbus"
"Daihatsu","Move Conte"
"Daihatsu","Naked"
"Daihatsu","Opti"
"Daihatsu","Rocky"
"Daihatsu","Rugger"
"Daihatsu","Sirion"
"Daihatsu","Sonica"
"Daihatsu","Storia"
"Daihatsu","Tanto"
"Daihatsu","Terios"
"Daihatsu","Thor"
"Daihatsu","Trevis"
"Daihatsu","Wake"
"Daihatsu","Xenia"
"Daihatsu","YRV"
"Daimler","SP250"
"Daimler","Super Eight"
"Daimler","V8"
"Dallara","Stradale"
"Dallas","Fun"
"Datsun","240Z"
"Datsun","GO+"
"Datsun","Laurel"
"Datsun","mi-Do"
"Datsun","on-DO"
"Datsun","Stanza"
"Datsun","Urvan"
"De Tomaso","Bigua"
"De Tomaso","Guara"
"De Tomaso","Longchamp"
"De Tomaso","Mangusta"
"Deco Rides","Zephyr"
"Delage","D6"
"DeLorean","DMC-12"
"Derways","Antelope"
"Derways","Aurora"
"Derways","Cowboy"
"Derways","Land Crown"
"Derways","Plutus"
"Derways","Saladin"
"Derways","Shuttle"
"DeSoto","Custom"
"DeSoto","Firedome"
"DeSoto","Fireflite"
"DFSK","V21"
"DKW","3=6"
"Dodge",600
"Dodge","Aries"
"Dodge","Attitude"
"Dodge","Avenger"
"Dodge","Caliber"
"Dodge","Caravan"
"Dodge","Challenger"
"Dodge","Charger"
"Dodge","Charger Daytona"
"Dodge","Colt"
"Dodge","Custom Royal"
"Dodge","D/W Series"
"Dodge","D8"
"Dodge","Dakota"
"Dodge","Dart"
"Dodge","Daytona"
"Dodge","Diplomat"
"Dodge","Durango"
"Dodge","Dynasty"
"Dodge","Intrepid"
"Dodge","Journey"
"Dodge","Lancer"
"Dodge","Magnum"
"Dodge","Mayfair"
"Dodge","Monaco"
"Dodge","Neon"
"Dodge","Nitro"
"Dodge","Omni"
"Dodge","Polara"
"Dodge","Raider"
"Dodge","Ram"
"Dodge","Ramcharger"
"Dodge","Shadow"
"Dodge","Spirit"
"Dodge","Stealth"
"Dodge","Stratus"
"Dodge","Viper"
"Dodge","WC series"
"DongFeng",370
"DongFeng",580
"DongFeng","A30"
"DongFeng","A9"
"DongFeng","AX7"
"DongFeng","H30"
"DongFeng","H30 Cross"
"DongFeng","Oting"
"DongFeng","Rich"
"DongFeng","S30"
"Doninvest","Orion"
"Donkervoort","D8 Cosworth"
"Donkervoort","D8 GT"
"Donkervoort","D8 GTO"
"Donkervoort","D8 Zetec"
"DS",3
"DS",4
"DS",7
"DS","7 Crossback"
"DW Hower","H3"
"DW Hower","H5"
"Eagle","Premier"
"Eagle","Summit"
"Eagle","Talon"
"Eagle","Vision"
"Eagle","Vista"
"Excalibur","Series IV"
"Excalibur","Series V"
"FAW",6371
"FAW","Audi 100"
"FAW","Audi A6"
"FAW","Bestune T99"
"FAW","Besturn B30"
"FAW","Besturn B50"
"FAW","Besturn B70"
"FAW","Besturn X40"
"FAW","Besturn X80"
"FAW","D60"
"FAW","Jinn"
"FAW","Oley"
"FAW","S80"
"FAW","V2"
"FAW","V5"
"FAW","Vita"
"FAW","Volkswagen Bora"
"FAW","Volkswagen City Golf"
"FAW","Volkswagen Jetta"
"Ferrari","250 GTO"
"Ferrari","288 GTO"
"Ferrari",308
"Ferrari",348
"Ferrari",360
"Ferrari",400
"Ferrari",412
"Ferrari",456
"Ferrari",458
"Ferrari",488
"Ferrari","512 BB"
"Ferrari","512 M"
"Ferrari","512 TR"
"Ferrari",550
"Ferrari",575
"Ferrari","575M"
"Ferrari",599
"Ferrari",612
"Ferrari","612 Scaglietti"
"Ferrari",812
"Ferrari","812 Superfast"
"Ferrari","California"
"Ferrari","Dino 206 GT"
"Ferrari","Dino 208/308 GT4"
"Ferrari","Dino 246 GT"
"Ferrari","Enzo"
"Ferrari","F12berlinetta"
"Ferrari","F355"
"Ferrari","F40"
"Ferrari","F430"
"Ferrari","F50"
"Ferrari","F8 Tributo"
"Ferrari","FF"
"Ferrari","FXX K"
"Ferrari","GTC4Lusso"
"Ferrari","LaFerrari"
"Ferrari","Mondial"
"Ferrari","Monza SP"
"Ferrari","Portofino"
"Ferrari","Roma"
"Ferrari","SF90 Stradale"
"Ferrari","Testarossa"
"Fiat","124 Spider"
"Fiat","124 Sport Spider"
"Fiat",125
"Fiat",126
"Fiat",500
"Fiat","500L"
"Fiat","500X"
"Fiat",508
"Fiat",600
"Fiat","900T"
"Fiat","Albea"
"Fiat","Argenta"
"Fiat","Barchetta"
"Fiat","Brava"
"Fiat","Bravo"
"Fiat","Cinquecento"
"Fiat","Coupe"
"Fiat","Croma"
"Fiat","Doblo"
"Fiat","Fiorino"
"Fiat","Freemont"
"Fiat","Fullback"
"Fiat","Grande Punto"
"Fiat","Idea"
"Fiat","Linea"
"Fiat","Marea"
"Fiat","Multipla"
"Fiat","Palio"
"Fiat","Panda"
"Fiat","Punto"
"Fiat","Qubo"
"Fiat","Regata"
"Fiat","Ritmo"
"Fiat","Scudo"
"Fiat","Sedici"
"Fiat","Seicento"
"Fiat","Siena"
"Fiat","Stilo"
"Fiat","Strada"
"Fiat","Tempra"
"Fiat","Tipo"
"Fiat","Ulysse"
"Fiat","Uno"
"Fiat","X 1/9"
"Fisker","Karma"
"Flanker","F"
"Ford","Aerostar"
"Ford","Aspire"
"Ford","Bronco"
"Ford","Bronco Sport"
"Ford","Bronco-II"
"Ford","C-Max"
"Ford","Contour"
"Ford","Cortina"
"Ford","Cougar"
"Ford","Crown Victoria"
"Ford","Custom"
"Ford","E-series"
"Ford","Econoline"
"Ford","EcoSport"
"Ford","Edge"
"Ford","Escape"
"Ford","Escort"
"Ford","Escort (North America)"
"Ford","Everest"
"Ford","Excursion"
"Ford","Expedition"
"Ford","Explorer"
"Ford","Explorer Sport Trac"
"Ford","F-150"
"Ford","F-Series"
"Ford","Fairlane"
"Ford","Fairmont"
"Ford","Falcon"
"Ford","Festiva"
"Ford","Fiesta"
"Ford","Fiesta ST"
"Ford","Five Hundred"
"Ford","Flex"
"Ford","Focus"
"Ford","Focus (North America)"
"Ford","Focus ST"
"Ford","Freda"
"Ford","Freestyle"
"Ford","Fusion"
"Ford","Fusion (North America)"
"Ford","Galaxie"
"Ford","Galaxy"
"Ford","Granada (North America)"
"Ford","GT"
"Ford","GT40"
"Ford","Ikon"
"Ford","Ixion"
"Ford","Ka"
"Ford","Kuga"
"Ford","M151"
"Ford","Mainline"
"Ford","Maverick"
"Ford","Model T"
"Ford","Mondeo"
"Ford","Mustang"
"Ford","Probe"
"Ford","Puma"
"Ford","Ranger"
"Ford","Ranger (North America)"
"Ford","S-Max"
"Ford","Scorpio"
"Ford","Shelby"
"Ford","Sierra"
"Ford","Street KA"
"Ford","Taunus"
"Ford","Taurus"
"Ford","Taurus X"
"Ford","Telstar"
"Ford","Tempo"
"Ford","Territory"
"Ford","Thunderbird"
"Ford","Torino"
"Ford","Tourneo"
"Ford","Tourneo Connect"
"Ford","Tourneo Courier"
"Ford","Tourneo Custom"
"Ford","Transit Connect"
"Ford","Windstar"
"Foton","Gratour"
"Foton","Sauvana"
"Foton","Tunland"
"FSO","125p"
"FSO","Polonez"
"Fuqi","6500 (Land King)"
"Fuqi","6500 Land King"
"GAC","GN8"
"GAC","Trumpchi GS8"
"GAZ","12 ZIM"
"GAZ","13 Chaika"
"GAZ","14 Chaika"
"GAZ",18
"GAZ","21 Volga"
"GAZ","22 Volga"
"GAZ","2308 Ataman"
"GAZ","2330 Tigr"
"GAZ","24 Volga"
"GAZ","3102 Volga"
"GAZ","310221 Volga"
"GAZ","31029 Volga"
"GAZ","3103 Volga"
"GAZ","3105 Volga"
"GAZ","3110 Volga"
"GAZ","31105 Volga"
"GAZ",3111
"GAZ","3111 Volga"
"GAZ",46
"GAZ",61
"GAZ",64
"GAZ",67
"GAZ",69
"GAZ","A"
"GAZ","M-20 Pobeda"
"GAZ","M-72"
"GAZ","M1"
"GAZ","Siber"
"GAZ","Sobol"
"GAZ","Volga Siber"
"Geely","Atlas"
"Geely","Beauty Leopard"
"Geely","CK (Otaka)"
"Geely","Coolray"
"Geely","Emgrand 7"
"Geely","Emgrand EC7"
"Geely","Emgrand GT"
"Geely","Emgrand X7"
"Geely","FC (Vision)"
"Geely","GC6"
"Geely","GC9"
"Geely","GS"
"Geely","GX7"
"Geely","Haoqing"
"Geely","LC (Panda)"
"Geely","LC (Panda) Cross"
"Geely","MK"
"Geely","MR"
"Geely","Otaka"
"Geely","SC7"
"Geely","Tugella"
"Geely","TX4"
"Geely","Vision"
"Genesis","G70"
"Genesis","G80"
"Genesis","G90"
"Genesis","GV70"
"Genesis","GV80"
"Geo","Metro"
"Geo","Prizm"
"Geo","Spectrum"
"Geo","Storm"
"Geo","Tracker"
"GMC",100
"GMC","Acadia"
"GMC","Canyon"
"GMC","Envoy"
"GMC","Jimmy"
"GMC","Safari"
"GMC","Savana"
"GMC","Sierra"
"GMC","Sonoma"
"GMC","Suburban"
"GMC","Syclone"
"GMC","Terrain"
"GMC","Typhoon"
"GMC","Vandura"
"GMC","Yukon"
"Gonow","Troy"
"Gordon","Roadster"
"GP","Madison"
"Great Wall","CoolBear"
"Great Wall","Cowry"
"Great Wall","Cowry (V80)"
"Great Wall","Deer"
"Great Wall","Florid"
"Great Wall","Hover"
"Great Wall","Hover H3"
"Great Wall","Hover H5"
"Great Wall","Hover H6"
"Great Wall","Hover M1 (Peri 4x4)"
"Great Wall","Hover M2"
"Great Wall","Hover M4"
"Great Wall","Hover Pi"
"Great Wall","Pegasus"
"Great Wall","Peri"
"Great Wall","Safe"
"Great Wall","Sailor"
"Great Wall","Sing RUV"
"Great Wall","Socool"
"Great Wall","Voleex C10 (Phenom)"
"Great Wall","Voleex C30"
"Great Wall","Wingle"
"Great Wall","Wingle 3"
"Great Wall","Wingle 5"
"Great Wall","Wingle 7"
"Hafei","Brio"
"Hafei","Princip"
"Hafei","Saibao"
"Hafei","Sigma"
"Hafei","Simbo"
"Haima",2
"Haima",3
"Haima",7
"Haima","Family"
"Haima","Family F7"
"Haima","Freema"
"Haima","M3"
"Haima","S5"
"Hanomag","Rekord"
"Hanomag","Typ 13"
"Haval","F7"
"Haval","F7x"
"Haval","H2"
"Haval","H5"
"Haval","H6"
"Haval","H6 Coupe"
"Haval","H8"
"Haval","H9"
"Hawtai","B21"
"Hawtai","Boliger"
"Hawtai","Laville"
"Heinkel","Typ 154"
"Hindustan","Ambassador"
"Hindustan","Contessa"
"Hindustan","Lancer"
"Hindustan","Pajero"
"Hispano-Suiza","K6"
"Holden","Apollo"
"Holden","Astra"
"Holden","Barina"
"Holden","Calais"
"Holden","Caprice"
"Holden","Commodore"
"Holden","Cruze"
"Holden","Frontera"
"Holden","Jackaroo"
"Holden","Monaro"
"Holden","Rodeo"
"Holden","Statesman"
"Holden","Suburban"
"Holden","UTE"
"Holden","Vectra"
"Holden","Zafira"
"Honda",145
"Honda","Accord"
"Honda","Acty"
"Honda","Airwave"
"Honda","Ascot"
"Honda","Ascot Innova"
"Honda","Avancier"
"Honda","Ballade"
"Honda","Beat"
"Honda","Brio"
"Honda","Capa"
"Honda","City"
"Honda","Civic"
"Honda","Concerto"
"Honda","CR-V"
"Honda","CR-X"
"Honda","CR-Z"
"Honda","Crossroad"
"Honda","Crosstour"
"Honda","Domani"
"Honda","Edix"
"Honda","Element"
"Honda","Elysion"
"Honda","Fit"
"Honda","Fit Aria"
"Honda","Fit Shuttle"
"Honda","FR-V"
"Honda","Freed"
"Honda","Grace"
"Honda","Horizon"
"Honda","HR-V"
"Honda","Insight"
"Honda","Inspire"
"Honda","Integra"
"Honda","Integra SJ"
"Honda","Jade"
"Honda","Jazz"
"Honda","Lagreat"
"Honda","Legend"
"Honda","Life"
"Honda","Logo"
"Honda","Mobilio"
"Honda","Mobilio Spike"
"Honda","N Box"
"Honda","N-BOX Slash"
"Honda","N-One"
"Honda","N-Series"
"Honda","N-WGN"
"Honda","N360"
"Honda","NSX"
"Honda","Odyssey"
"Honda","Odyssey (North America)"
"Honda","Orthia"
"Honda","Partner"
"Honda","Passport"
"Honda","Pilot"
"Honda","Prelude"
"Honda","Rafaga"
"Honda","Ridgeline"
"Honda","S-MX"
"Honda","S2000"
"Honda","S500"
"Honda","S600"
"Honda","S660"
"Honda","Saber"
"Honda","Shuttle"
"Honda","Stepwgn"
"Honda","Stream"
"Honda","Street"
"Honda","'That''s'"
"Honda","Today"
"Honda","Torneo"
"Honda","Vamos"
"Honda","Vezel"
"Honda","Vigor"
"Honda","Z"
"Honda","Zest"
"Horch",830
"Horch",853
"HuangHai","Antelope"
"HuangHai","Landscape"
"HuangHai","Plutus"
"Hudson","Super Six"
"Hummer","H1"
"Hummer","H2"
"Hummer","H3"
"Hyundai","Accent"
"Hyundai","Amica"
"Hyundai","Atos"
"Hyundai","Avante"
"Hyundai","Azera"
"Hyundai","Centennial"
"Hyundai","Click"
"Hyundai","Coupe"
"Hyundai","Creta"
"Hyundai","Dynasty"
"Hyundai","Elantra"
"Hyundai","Entourage"
"Hyundai","Eon"
"Hyundai","Equus"
"Hyundai","Excel"
"Hyundai","Galloper"
"Hyundai","Genesis"
"Hyundai","Genesis Coupe"
"Hyundai","Getz"
"Hyundai","Grace"
"Hyundai","Grand Starex"
"Hyundai","Grandeur"
"Hyundai","H-1"
"Hyundai","H-100"
"Hyundai","H200"
"Hyundai","HB20"
"Hyundai","i10"
"Hyundai","i20"
"Hyundai","i30"
"Hyundai","i40"
"Hyundai","i45"
"Hyundai","Ioniq"
"Hyundai","ix20"
"Hyundai","ix35"
"Hyundai","ix55"
"Hyundai","Kona"
"Hyundai","Lantra"
"Hyundai","Lavita"
"Hyundai","Marcia"
"Hyundai","Matrix"
"Hyundai","Pony"
"Hyundai","Presto"
"Hyundai","Rohens"
"Hyundai","S-Coupe"
"Hyundai","Santa Fe"
"Hyundai","Santamo"
"Hyundai","Solaris"
"Hyundai","Sonata"
"Hyundai","Starex"
"Hyundai","Stellar"
"Hyundai","TB"
"Hyundai","Terracan"
"Hyundai","Tiburon"
"Hyundai","Trajet"
"Hyundai","Tucson"
"Hyundai","Tuscani"
"Hyundai","Veloster"
"Hyundai","Veracruz"
"Hyundai","Verna"
"Hyundai","XG"
"Infiniti","EX"
"Infiniti","EX-Series"
"Infiniti","FX"
"Infiniti","FX-Series"
"Infiniti","G-Series"
"Infiniti","I"
"Infiniti","I-Series"
"Infiniti","J"
"Infiniti","J30"
"Infiniti","JX"
"Infiniti","JX-Series"
"Infiniti","M"
"Infiniti","M-Series"
"Infiniti","Q"
"Infiniti","Q30"
"Infiniti","Q45"
"Infiniti","Q50"
"Infiniti","Q60"
"Infiniti","Q70"
"Infiniti","QX30"
"Infiniti","QX4"
"Infiniti","QX50"
"Infiniti","QX56"
"Infiniti","QX60"
"Infiniti","QX70"
"Infiniti","QX80"
"Innocenti","Elba"
"Innocenti","Mille"
"Innocenti","Small"
"Invicta","S1"
"Iran Khodro","Dena"
"Iran Khodro","Runna"
"Iran Khodro","Sahra"
"Iran Khodro","Samand"
"Iran Khodro","Sarir"
"Iran Khodro","Soren"
"Isdera","Commendatore 112i"
"Isdera","Imperator"
"Isdera","Imperator 108i"
"Isdera","Spyder"
"Isuzu",117
"Isuzu","Amigo"
"Isuzu","Ascender"
"Isuzu","Aska"
"Isuzu","Axiom"
"Isuzu","Bellett"
"Isuzu","Bighorn"
"Isuzu","D-Max"
"Isuzu","Fargo"
"Isuzu","Fargo Filly"
"Isuzu","Florian"
"Isuzu","Gemini"
"Isuzu","Hombre"
"Isuzu","Impulse"
"Isuzu","KB"
"Isuzu","MU"
"Isuzu","MU-7"
"Isuzu","MU-X"
"Isuzu","Piazza"
"Isuzu","Rodeo"
"Isuzu","Stylus"
"Isuzu","TF (Pickup)"
"Isuzu","Trooper"
"Isuzu","VehiCross"
"Isuzu","Wizard"
"IVECO","Massif"
"IZH",2125
"IZH",2126
"IZH",21261
"IZH",2715
"IZH",2717
"IZH","Moskvich-412"
"JAC","J2"
"JAC","J2 (Yueyue)"
"JAC","'J3 (Tongyue"
"JAC","J4 (Heyue A30)"
"JAC","J5"
"JAC","J5 (Heyue)"
"JAC","J6 (Heyue RS)"
"JAC","J7 (Binyue)"
"JAC","M1 (Refine)"
"JAC","M5"
"JAC","Refine"
"JAC","Rein"
"JAC","S1 (Rein)"
"JAC","S3"
"JAC","S5"
"JAC","S5 (Eagle)"
"JAC","S7"
"JAC","T6"
"Jaguar","E-Pace"
"Jaguar","E-Type"
"Jaguar","F-Pace"
"Jaguar","F-Type"
"Jaguar","I-Pace"
"Jaguar","Mark 2"
"Jaguar","Mark IX"
"Jaguar","S-Type"
"Jaguar","X-Type"
"Jaguar","XE"
"Jaguar","XF"
"Jaguar","XFR"
"Jaguar","XJ"
"Jaguar","XJ220"
"Jaguar","XJR"
"Jaguar","XJS"
"Jaguar","XK"
"Jaguar","XKR"
"Jeep","Cherokee"
"Jeep","CJ"
"Jeep","Commander"
"Jeep","Compass"
"Jeep","Gladiator"
"Jeep","Grand Cherokee"
"Jeep","Grand Wagoneer"
"Jeep","Liberty"
"Jeep","Liberty (North America)"
"Jeep","Liberty (Patriot)"
"Jeep","Patriot"
"Jeep","Renegade"
"Jeep","Wrangler"
"Jensen","Interceptor"
"Jensen","S-V8"
"Jiangnan","Alto"
"Jiangnan","Chuanqi"
"Jiangnan","City Spirit"
"Jinbei","Haise"
"JMC","Baodian"
"JMC","X6"
"Kanonir",2317
"Kia","Amanti"
"Kia","Avella"
"Kia","Borrego"
"Kia","Brisa"
"Kia","Cadenza"
"Kia","Capital"
"Kia","Carens"
"Kia","Carnival"
"Kia","Carstar"
"Kia","'Cee''d'"
"Kia","Ceed"
"Kia","Ceed GT"
"Kia","Cerato"
"Kia","Clarus"
"Kia","Concord"
"Kia","Credos"
"Kia","Elan"
"Kia","Enterprise"
"Kia","Forte"
"Kia","Joice"
"Kia","K3"
"Kia","K5"
"Kia","K7"
"Kia","K9"
"Kia","K900"
"Kia","Lotze"
"Kia","Magentis"
"Kia","Mentor"
"Kia","Mohave"
"Kia","Morning"
"Kia","Niro"
"Kia","Opirus"
"Kia","Optima"
"Kia","Parktown"
"Kia","Picanto"
"Kia","Potentia"
"Kia","Pregio"
"Kia","Pride"
"Kia","Quanlima"
"Kia","Quoris"
"Kia","Ray"
"Kia","Retona"
"Kia","Rio"
"Kia","Rondo"
"Kia","Sedona"
"Kia","Seltos"
"Kia","Sephia"
"Kia","Shuma"
"Kia","Sorento"
"Kia","Sorento Prime"
"Kia","Soul"
"Kia","Spectra"
"Kia","Sportage"
"Kia","Stinger"
"Kia","Stonic"
"Kia","Telluride"
"Kia","Towner"
"Kia","Venga"
"Kia","Visto"
"Kia","X-Trek"
"Kia","XCeed"
"Koenigsegg","CC8S"
"Koenigsegg","CCR"
"KTM AG","X-Bow"
"Lamborghini","350/400 GT"
"Lamborghini","Aventador"
"Lamborghini","Centenario"
"Lamborghini","Diablo"
"Lamborghini","Egoista"
"Lamborghini","Gallardo"
"Lamborghini","Huracan"
"Lamborghini","Islero"
"Lamborghini","Miura"
"Lamborghini","Murcielago"
"Lamborghini","Reventon"
"Lamborghini","Silhouette"
"Lamborghini","Urus"
"Lamborghini","Veneno"
"Lancia","A 112"
"Lancia","A112"
"Lancia","Appia"
"Lancia","Aurelia"
"Lancia","Beta"
"Lancia","Dedra"
"Lancia","Delta"
"Lancia","Flaminia"
"Lancia","Gamma"
"Lancia","Hyena"
"Lancia","Kappa"
"Lancia","Lambda"
"Lancia","Lybra"
"Lancia","Monte Carlo"
"Lancia","Musa"
"Lancia","Phedra"
"Lancia","Prisma"
"Lancia","Rally 037"
"Lancia","Stratos"
"Lancia","Thema"
"Lancia","Thesis"
"Lancia","Y"
"Lancia","Y10"
"Lancia","Ypsilon"
"Lancia","Zeta"
"Land Rover","Defender"
"Land Rover","Discovery"
"Land Rover","Discovery Sport"
"Land Rover","Freelander"
"Land Rover","Range Rover"
"Land Rover","Range Rover Evoque"
"Land Rover","Range Rover Sport"
"Land Rover","Range Rover Velar"
"Land Rover","Series I"
"Land Rover","Series II"
"Land Rover","Series III"
"Landwind","X6"
"Landwind","X7"
"Lexus","CT"
"Lexus","ES"
"Lexus","GS"
"Lexus","GS F"
"Lexus","GX"
"Lexus","GX460"
"Lexus","HS"
"Lexus","IS"
"Lexus","IS F"
"Lexus","LC"
"Lexus","LFA"
"Lexus","LM"
"Lexus","LS"
"Lexus","LX"
"Lexus","NX"
"Lexus","RC"
"Lexus","RC F"
"Lexus","RX"
"Lexus","SC"
"Lexus","UX"
"Lifan","Breez"
"Lifan","Breez (520)"
"Lifan","Cebrium"
"Lifan","Cebrium (720)"
"Lifan","Celliya"
"Lifan","Celliya (530)"
"Lifan","Murman"
"Lifan","Murman (820)"
"Lifan","MyWay"
"Lifan","Smily"
"Lifan","Solano"
"Lifan","X50"
"Lifan","X60"
"Lifan","X70"
"Ligier","JS 51"
"Lincoln","Aviator"
"Lincoln","Blackwood"
"Lincoln","Capri"
"Lincoln","Continental"
"Lincoln","Continental Mark Series"
"Lincoln","Corsair"
"Lincoln","LS"
"Lincoln","Mark III"
"Lincoln","Mark IV"
"Lincoln","Mark LT"
"Lincoln","MKC"
"Lincoln","MKX"
"Lincoln","MKZ"
"Lincoln","Nautilus"
"Lincoln","Navigator"
"Lincoln","Premiere"
"Lincoln","Town Car"
"Lincoln","Zephyr"
"Lotus","Elan"
"Lotus","Elise"
"Lotus","Elite"
"Lotus","Esprit"
"Lotus","Europa"
"Lotus","Evora"
"Lotus","Excel"
"Lotus","Exige"
"LTI","TX"
"LuAZ",1302
"LuAZ","1302 Volyn"
"LuAZ",967
"LuAZ",969
"Luxgen",5
"Luxgen",6
"Luxgen",7
"Luxgen","Luxgen5"
"Luxgen","Luxgen7 SUV"
"Luxgen","U6 Turbo"
"Mahindra","Armada"
"Mahindra","Bolero"
"Mahindra","Commander"
"Mahindra","Kuv100"
"Mahindra","Marshal"
"Mahindra","MM"
"Mahindra","MM 540/550"
"Mahindra","Scorpio"
"Mahindra","XUV500"
"Marcos","GTS"
"Marcos","TS"
"Marlin","5Exi"
"Marussia","B1"
"Marussia","B2"
"Maruti",1000
"Maruti",800
"Maruti","Alto"
"Maruti","Baleno"
"Maruti","Esteem"
"Maruti","Gypsy"
"Maruti","Versa"
"Maruti","Wagon R"
"Maruti","Zen"
"Maserati",228
"Maserati","3200 GT"
"Maserati","Coupe"
"Maserati","Ghibli"
"Maserati","GranCabrio"
"Maserati","GranSport"
"Maserati","GranTurismo"
"Maserati","Levante"
"Maserati","Quattroporte"
"Maserati","Royale"
"Maserati","Shamal"
"Maserati","Spyder"
"Maybach",57
"Maybach",62
"Maybach","Exelero"
"Mazda",1000
"Mazda",121
"Mazda",1300
"Mazda",2
"Mazda",3
"Mazda","3 MPS"
"Mazda",323
"Mazda",5
"Mazda",6
"Mazda","6 MPS"
"Mazda",616
"Mazda",626
"Mazda",818
"Mazda",929
"Mazda","Atenza"
"Mazda","Autozam AZ-3"
"Mazda","Axela"
"Mazda","AZ-1"
"Mazda","AZ-Offroad"
"Mazda","AZ-Wagon"
"Mazda","B-Series"
"Mazda","Biante"
"Mazda","Bongo"
"Mazda","Bongo Friendee"
"Mazda","BT-50"
"Mazda","Capella"
"Mazda","Carol"
"Mazda","Cronos"
"Mazda","CX-3"
"Mazda","CX-30"
"Mazda","CX-5"
"Mazda","CX-7"
"Mazda","CX-9"
"Mazda","Demio"
"Mazda","Efini MS-8"
"Mazda","Etude"
"Mazda","Eunos 500"
"Mazda","Eunos Cosmo"
"Mazda","Familia"
"Mazda","Flair"
"Mazda","Flair Crossover"
"Mazda","Flair Wagon"
"Mazda","Lantis"
"Mazda","Laputa"
"Mazda","Levante"
"Mazda","Luce"
"Mazda","Millenia"
"Mazda","MPV"
"Mazda","MX-3"
"Mazda","MX-5"
"Mazda","MX-6"
"Mazda","Navajo"
"Mazda","Premacy"
"Mazda","Protege"
"Mazda","R360"
"Mazda","Roadster"
"Mazda","RX-7"
"Mazda","RX-8"
"Mazda","Scrum"
"Mazda","Spiano"
"Mazda","Tribute"
"Mazda","Verisa"
"Mazda","Xedos 6"
"Mazda","Xedos 9"
"McLaren","570S"
"McLaren","600LT"
"McLaren","650S"
"McLaren","720S"
"McLaren","F1"
"McLaren","GT"
"McLaren","P1"
"McLaren","Senna"
"Mega","Club"
"Mega","Monte Carlo"
"Mega","Track"
"Mercedes-Benz","190 (W201)"
"Mercedes-Benz","190 SL"
"Mercedes-Benz","A-Class"
"Mercedes-Benz","A-Class AMG"
"Mercedes-Benz","AMG GLE"
"Mercedes-Benz","AMG GLE Coupe"
"Mercedes-Benz","AMG GT"
"Mercedes-Benz","B-Class"
"Mercedes-Benz","C-Class"
"Mercedes-Benz","C-Class AMG"
"Mercedes-Benz","Citan"
"Mercedes-Benz","CL-Class"
"Mercedes-Benz","CLA-Class"
"Mercedes-Benz","CLC-Class"
"Mercedes-Benz","CLK-Class"
"Mercedes-Benz","CLS-Class"
"Mercedes-Benz","CLS-klasse AMG"
"Mercedes-Benz","E-Class"
"Mercedes-Benz","EQC"
"Mercedes-Benz","G-Class"
"Mercedes-Benz","G-klasse AMG"
"Mercedes-Benz","GL-Class"
"Mercedes-Benz","GL-klasse AMG"
"Mercedes-Benz","GLA-Class"
"Mercedes-Benz","GLB-Class"
"Mercedes-Benz","GLC"
"Mercedes-Benz","GLC Coupe"
"Mercedes-Benz","GLC-Class"
"Mercedes-Benz","GLE"
"Mercedes-Benz","GLE Coupe"
"Mercedes-Benz","GLE Coupe AMG"
"Mercedes-Benz","GLE-Class"
"Mercedes-Benz","GLK-Class"
"Mercedes-Benz","GLS-Class"
"Mercedes-Benz","M-Class"
"Mercedes-Benz","Maybach G 650 Landaulet"
"Mercedes-Benz","Maybach GLS"
"Mercedes-Benz","Maybach S-klasse"
"Mercedes-Benz","R-Class"
"Mercedes-Benz","S-Class"
"Mercedes-Benz","S-klasse AMG"
"Mercedes-Benz","Simplex"
"Mercedes-Benz","SL-Class"
"Mercedes-Benz","SL-klasse AMG"
"Mercedes-Benz","SLC-Class"
"Mercedes-Benz","SLK-Class"
"Mercedes-Benz","SLR-Class"
"Mercedes-Benz","SLS AMG"
"Mercedes-Benz","V-Class"
"Mercedes-Benz","Vaneo"
"Mercedes-Benz","Viano"
"Mercedes-Benz","Vito"
"Mercedes-Benz","W105"
"Mercedes-Benz","W123"
"Mercedes-Benz","W124"
"Mercedes-Benz","W142"
"Mercedes-Benz","W186"
"Mercedes-Benz","W188"
"Mercedes-Benz","W189"
"Mercedes-Benz","W191"
"Mercedes-Benz","W29"
"Mercedes-Benz","X-Class"
"Mercury","Colony Park"
"Mercury","Cougar"
"Mercury","Grand Marquis"
"Mercury","Marauder"
"Mercury","Mariner"
"Mercury","Marquis"
"Mercury","Milan"
"Mercury","Montego"
"Mercury","Monterey"
"Mercury","Mountaineer"
"Mercury","Mystique"
"Mercury","Sable"
"Mercury","Topaz"
"Mercury","Tracer"
"Mercury","Villager"
"Metrocab","Metrocab I"
"Metrocab","Taxi"
"MG",750
"MG","F"
"MG","MGA"
"MG","MGB"
"MG","RV8"
"MG","TD Midget"
"MG","TF"
"MG","Xpower SV"
"MG","ZR"
"MG","ZS"
"MG","ZT"
"Minelli","TF 1800"
"Mini","Cabrio"
"Mini","Clubman"
"Mini","Cooper"
"Mini","Cooper S"
"Mini","Countryman"
"Mini","Coupe"
"Mini","Hatch"
"Mini","One"
"Mini","Paceman"
"Mini","Roadster"
"Mitsubishi","3000 GT"
"Mitsubishi",500
"Mitsubishi","Airtrek"
"Mitsubishi","ASX"
"Mitsubishi","Bravo"
"Mitsubishi","Carisma"
"Mitsubishi","Chariot"
"Mitsubishi","Colt"
"Mitsubishi","Debonair"
"Mitsubishi","Delica"
"Mitsubishi","Delica D:2"
"Mitsubishi","Delica D:3"
"Mitsubishi","Delica D:5"
"Mitsubishi","Diamante"
"Mitsubishi","Dignity"
"Mitsubishi","Dingo"
"Mitsubishi","Dion"
"Mitsubishi","Eclipse"
"Mitsubishi","Eclipse Cross"
"Mitsubishi","eK"
"Mitsubishi","eK Active"
"Mitsubishi","eK Classic"
"Mitsubishi","eK Custom"
"Mitsubishi","eK Space"
"Mitsubishi","eK Sport"
"Mitsubishi","EK Wagon"
"Mitsubishi","Endeavor"
"Mitsubishi","Eterna"
"Mitsubishi","Freeca"
"Mitsubishi","FTO"
"Mitsubishi","Galant"
"Mitsubishi","Galant Fortis"
"Mitsubishi","Grandis"
"Mitsubishi","i"
"Mitsubishi","i-MiEV"
"Mitsubishi","L200"
"Mitsubishi","L300"
"Mitsubishi","L400"
"Mitsubishi","Lancer"
"Mitsubishi","Lancer Cargo"
"Mitsubishi","Lancer Evolution"
"Mitsubishi","Legnum"
"Mitsubishi","Libero"
"Mitsubishi","Minica"
"Mitsubishi","Mirage"
"Mitsubishi","Montero"
"Mitsubishi","Montero Sport"
"Mitsubishi","Outlander"
"Mitsubishi","Pajero"
"Mitsubishi","Pajero iO"
"Mitsubishi","Pajero Junior"
"Mitsubishi","Pajero Mini"
"Mitsubishi","Pajero Pinin"
"Mitsubishi","Pajero Sport"
"Mitsubishi","Proudia"
"Mitsubishi","RVR"
"Mitsubishi","Savrin"
"Mitsubishi","Sigma"
"Mitsubishi","Space Gear"
"Mitsubishi","Space Runner"
"Mitsubishi","Space Star"
"Mitsubishi","Space Wagon"
"Mitsubishi","Toppo"
"Mitsubishi","Town BOX"
"Mitsubishi","Triton"
"Mitsubishi","XPANDER"
"Mitsuoka","Galue"
"Mitsuoka","MC-1"
"Mitsuoka","Rock Star"
"Mitsuoka","Ryugi"
"Monte Carlo","GTB Centenaire"
"Morgan","4-Apr"
"Morgan","Aero 8"
"Morgan","Plus 4"
"Morgan","Plus 8"
"Moskvich",2136
"Moskvich",2137
"Moskvich",2138
"Moskvich",2140
"Moskvich",2141
"Moskvich",2142
"Moskvich",400
"Moskvich",401
"Moskvich",402
"Moskvich",403
"Moskvich",407
"Moskvich",408
"Moskvich",410
"Moskvich",411
"Moskvich",412
"Moskvich",423
"Moskvich",424
"Moskvich",427
"Moskvich",430
"Moskvich","434P"
"Moskvich","Duet"
"Moskvich","Ivan Kalita"
"Moskvich","Knyaz Vladimir"
"Moskvich","Svyatogor"
"Moskvich","Yuri Dolgoruky"
"Nash","Ambassador"
"Nissan","100NX"
"Nissan","180SX"
"Nissan","200SX"
"Nissan","240SX"
"Nissan","280ZX"
"Nissan","300ZX"
"Nissan","350Z"
"Nissan","370Z"
"Nissan","AD"
"Nissan","Almera"
"Nissan","Almera Classic"
"Nissan","Almera Tino"
"Nissan","Altima"
"Nissan","Aprio"
"Nissan","Armada"
"Nissan","Auster"
"Nissan","Avenir"
"Nissan","Bassara"
"Nissan","Be-1"
"Nissan","Bluebird"
"Nissan","Bluebird Maxima"
"Nissan","Bluebird Sylphy"
"Nissan","Caravan"
"Nissan","Cedric"
"Nissan","Cefiro"
"Nissan","Cherry"
"Nissan","Cima"
"Nissan","Clipper"
"Nissan","Clipper Rio"
"Nissan","Crew"
"Nissan","Cube"
"Nissan","Datsun"
"Nissan","Dualis"
"Nissan","Elgrand"
"Nissan","Exa"
"Nissan","Expert"
"Nissan","Fairlady Z"
"Nissan","Figaro"
"Nissan","Frontier"
"Nissan","Fuga"
"Nissan","Gazelle"
"Nissan","Gloria"
"Nissan","GT-R"
"Nissan","Homy"
"Nissan","Juke"
"Nissan","Kicks"
"Nissan","Kix"
"Nissan","Kubistar"
"Nissan","Lafesta"
"Nissan","Langley"
"Nissan","Largo"
"Nissan","Latio"
"Nissan","Laurel"
"Nissan","Leaf"
"Nissan","Leopard"
"Nissan","Liberta Villa"
"Nissan","Liberty"
"Nissan","Livina"
"Nissan","Lucino"
"Nissan","March"
"Nissan","Maxima"
"Nissan","Micra"
"Nissan","Mistral"
"Nissan","Moco"
"Nissan","Murano"
"Nissan","Navara"
"Nissan","Note"
"Nissan","NP200"
"Nissan","NP300"
"Nissan","NV"
"Nissan","NV100 Clipper"
"Nissan","NV200"
"Nissan","NV350"
"Nissan","NX"
"Nissan","Otti"
"Nissan","Paladin"
"Nissan","Pao"
"Nissan","Pathfinder"
"Nissan","Patrol"
"Nissan","Pino"
"Nissan","Pixo"
"Nissan","Platina"
"Nissan","Prairie"
"Nissan","Presage"
"Nissan","Presea"
"Nissan","President"
"Nissan","Primastar"
"Nissan","Primera"
"Nissan","Pulsar"
"Nissan","Qashqai"
"Nissan","Qashqai+2"
"Nissan","Quest"
"Nissan","'R''nessa'"
"Nissan","Rasheen"
"Nissan","Rogue"
"Nissan","Roox"
"Nissan","Safari"
"Nissan","Sentra"
"Nissan","Serena"
"Nissan","Silvia"
"Nissan","Skyline"
"Nissan","Skyline Crossover"
"Nissan","Stagea"
"Nissan","Stanza"
"Nissan","Sunny"
"Nissan","Teana"
"Nissan","Terra"
"Nissan","Terrano"
"Nissan","Terrano Regulus"
"Nissan","Tiida"
"Nissan","Tino"
"Nissan","Titan"
"Nissan","Urvan"
"Nissan","Vanette"
"Nissan","Versa"
"Nissan","Violet"
"Nissan","Violet Liberta"
"Nissan","Wingroad"
"Nissan","X-Trail"
"Nissan","Xterra"
"Noble","M12 GTO"
"Noble","M15"
"Oldsmobile",88
"Oldsmobile","Achieva"
"Oldsmobile","Alero"
"Oldsmobile","Aurora"
"Oldsmobile","Bravada"
"Oldsmobile","Cutlass"
"Oldsmobile","Eighty-Eight"
"Oldsmobile","Firenza"
"Oldsmobile","Intrigue"
"Oldsmobile","Series 60"
"Oldsmobile","Series 70"
"Oldsmobile","Silhouette"
"Oldsmobile","Starfire"
"Oldsmobile","Toronado"
"Oldsmobile","Vista Cruiser"
"Opel","Adam"
"Opel","Admiral"
"Opel","Agila"
"Opel","Ampera"
"Opel","Antara"
"Opel","Ascona"
"Opel","Astra"
"Opel","Cabrio"
"Opel","Calibra"
"Opel","Campo"
"Opel","Cascada"
"Opel","Combo"
"Opel","Commodore"
"Opel","Corsa"
"Opel","Corsa OPC"
"Opel","Crossland X"
"Opel","Diplomat"
"Opel","Frontera"
"Opel","Grandland X"
"Opel","GT"
"Opel","Insignia"
"Opel","Kadett"
"Opel","Kapitan"
"Opel","Karl"
"Opel","Manta"
"Opel","Meriva"
"Opel","Mokka"
"Opel","Monterey"
"Opel","Olympia"
"Opel","Omega"
"Opel","Rekord"
"Opel","Senator"
"Opel","Signum"
"Opel","Sintra"
"Opel","Speedster"
"Opel","Super Six"
"Opel","Tigra"
"Opel","Vectra"
"Opel","Vivaro"
"Opel","Zafira"
"Opel","Zafira Life"
"Packard","200/250"
"Packard","Custom Eight"
"Packard","Six"
"Pagani","Zonda"
"Pagani","Zonda C12"
"Panoz","Esperante"
"Panoz","Roadster"
"Paykan","Saloon"
"Perodua","Kelisa"
"Perodua","Kenari"
"Perodua","Nippa"
"Peugeot",1007
"Peugeot",106
"Peugeot",107
"Peugeot",108
"Peugeot",2008
"Peugeot",202
"Peugeot",203
"Peugeot",204
"Peugeot",205
"Peugeot","205 GTi"
"Peugeot",206
"Peugeot",207
"Peugeot",208
"Peugeot","208 GTi"
"Peugeot",3008
"Peugeot",301
"Peugeot",304
"Peugeot",306
"Peugeot",307
"Peugeot",308
"Peugeot",309
"Peugeot",4007
"Peugeot",4008
"Peugeot",405
"Peugeot",406
"Peugeot",407
"Peugeot",408
"Peugeot",5008
"Peugeot",505
"Peugeot",508
"Peugeot",605
"Peugeot",607
"Peugeot",806
"Peugeot",807
"Peugeot","Expert"
"Peugeot","Partner"
"Peugeot","RCZ"
"Peugeot","Rifter"
"Peugeot","Traveller"
"Plymouth","Acclaim"
"Plymouth","Breeze"
"Plymouth","Fury"
"Plymouth","Horizon"
"Plymouth","Laser"
"Plymouth","Neon"
"Plymouth","Prowler"
"Plymouth","Reliant"
"Plymouth","Satellite"
"Plymouth","Sundance"
"Plymouth","Volare"
"Plymouth","Voyager"
"Pontiac",6000
"Pontiac","Aztek"
"Pontiac","Bonneville"
"Pontiac","Firebird"
"Pontiac","G6"
"Pontiac","Grand AM"
"Pontiac","Grand Prix"
"Pontiac","GTO"
"Pontiac","Laurentian"
"Pontiac","Montana"
"Pontiac","Solstice"
"Pontiac","Sunfire"
"Pontiac","Torpedo"
"Pontiac","Torrent"
"Pontiac","Trans Sport"
"Pontiac","Vibe"
"Pontiac","Wave"
"Porsche",356
"Porsche","718 Spyder"
"Porsche",911
"Porsche","911 GT2"
"Porsche","911 GT3"
"Porsche","911 R"
"Porsche",912
"Porsche",914
"Porsche",918
"Porsche",924
"Porsche",928
"Porsche",944
"Porsche",959
"Porsche",968
"Porsche","Boxster"
"Porsche","Carrera GT"
"Porsche","Cayenne"
"Porsche","Cayenne Coupe"
"Porsche","Cayman"
"Porsche","Cayman GT4"
"Porsche","Macan"
"Porsche","Panamera"
"Porsche","Taycan"
"Premier","118NE"
"Premier","Padmini"
"Proton","Arena"
"Proton","Exora"
"Proton","Gen-2"
"Proton","Inspira"
"Proton","Juara"
"Proton","Perdana"
"Proton","Persona"
"Proton","Persona 300 Compact"
"Proton","Persona 400"
"Proton","Preve"
"Proton","Putra"
"Proton","Saga"
"Proton","Saloon"
"Proton","Satria"
"Proton","Savvy"
"Proton","Tiara"
"Proton","Waja"
"Proton","Wira (400 Series)"
"PUCH","G-modell"
"PUCH","Pinzgauer"
"Puma","AM4"
"Puma","AMV"
"Puma","GTB"
"Puma","GTE"
"Qoros",3
"Qvale","Mangusta"
"Racing car","Dallara F399/300"
"Racing car","Show car ""Formula-1"""
"RAM",1500
"Rambler","Ambassador"
"Ravon","Gentra"
"Ravon","Matiz"
"Ravon","Nexia"
"Ravon","Nexia R3"
"Ravon","R2"
"Ravon","R4"
"Reliant","Scimitar Sabre"
"Reliant","Scimitar SS1"
"Renault",10
"Renault",11
"Renault",12
"Renault",14
"Renault",15
"Renault",16
"Renault",17
"Renault",18
"Renault",19
"Renault",20
"Renault",21
"Renault",25
"Renault",30
"Renault",4
"Renault",5
"Renault",6
"Renault",7
"Renault",8
"Renault",9
"Renault","Alaskan"
"Renault","Arkana"
"Renault","Avantime"
"Renault","Captur"
"Renault","Clio"
"Renault","Clio RS"
"Renault","Dokker"
"Renault","Duster"
"Renault","Espace"
"Renault","Fluence"
"Renault","Fregate"
"Renault","Fuego"
"Renault","Grand Espace"
"Renault","Kadjar"
"Renault","Kangoo"
"Renault","Kaptur"
"Renault","Koleos"
"Renault","Kwid"
"Renault","Laguna"
"Renault","Latitude"
"Renault","Le Car"
"Renault","Logan"
"Renault","Megane"
"Renault","Megane RS"
"Renault","Modus"
"Renault","Pulse"
"Renault","Rodeo"
"Renault","Safrane"
"Renault","Sandero"
"Renault","Scala"
"Renault","Scenic"
"Renault","Sport Spider"
"Renault","Symbol"
"Renault","Talisman"
"Renault","Thalia"
"Renault","Torino"
"Renault","Trafic"
"Renault","Twingo"
"Renault","Twizy"
"Renault","Vel Satis"
"Renault","Vivastella"
"Renault","Wind"
"Renault","Zoe"
"Renault Samsung","SM3"
"Renault Samsung","SM5"
"Renault Samsung","SM7"
"Rezvani","Beast"
"Rezvani","Tank"
"Rimac","C Two"
"Rinspeed","Chopster"
"Rolls-Royce","20/25"
"Rolls-Royce","Corniche"
"Rolls-Royce","Cullinan"
"Rolls-Royce","Dawn"
"Rolls-Royce","Ghost"
"Rolls-Royce","Park Ward"
"Rolls-Royce","Phantom"
"Rolls-Royce","Silver Seraph"
"Rolls-Royce","Silver Spirit"
"Rolls-Royce","Silver Spur"
"Rolls-Royce","Silver Wraith"
"Rolls-Royce","Wraith"
"Ronart","Lightning"
"Rover",100
"Rover",14
"Rover",200
"Rover","200 Series"
"Rover",25
"Rover",400
"Rover","400 Series"
"Rover","416i"
"Rover",45
"Rover",600
"Rover","600 Series"
"Rover",75
"Rover",800
"Rover","800 Series"
"Rover","Maestro"
"Rover","Metro"
"Rover","Mini"
"Rover","Mini MK"
"Rover","Montego"
"Rover","P3"
"Rover","P4"
"Rover","P6"
"Rover","SD1"
"Rover","Streetwise"
"Saab",600
"Saab","9-2X"
"Saab","3-Sep"
"Saab","9-4X"
"Saab","5-Sep"
"Saab","9-7X"
"Saab",90
"Saab",900
"Saab",9000
"Saab",93
"Saab",95
"Saab",96
"Saab",99
"Saab","Sonett"
"Saipa","Saina"
"Saipa","Tiba"
"Saleen","S7"
"Samsung","SM3"
"Samsung","SM5"
"Samsung","SM7"
"Santana","PS-10"
"Saturn","Astra"
"Saturn","Aura"
"Saturn","ION"
"Saturn","L-Series"
"Saturn","LS"
"Saturn","LW"
"Saturn","Outlook"
"Saturn","Relay"
"Saturn","S-Series"
"Saturn","SC"
"Saturn","Sky"
"Saturn","SL"
"Saturn","SW"
"Saturn","VUE"
"Scion","FR-S"
"Scion","iA"
"Scion","iM"
"Scion","iQ"
"Scion","tC"
"Scion","xA"
"Scion","xB"
"Scion","xD"
"Sears","Model J"
"SEAT",133
"SEAT","Alhambra"
"SEAT","Altea"
"SEAT","Arona"
"SEAT","Arosa"
"SEAT","Ateca"
"SEAT","Cordoba"
"SEAT","Exeo"
"SEAT","Fura"
"SEAT","Ibiza"
"SEAT","Ibiza Cupra"
"SEAT","Inca"
"SEAT","Leon"
"SEAT","Leon Cupra"
"SEAT","Malaga"
"SEAT","Marbella"
"SEAT","Mii"
"SEAT","Ronda"
"SEAT","Tarraco"
"SEAT","Toledo"
"Shanghai Maple","C31"
"Shanghai Maple","C32"
"Shanghai Maple","C51"
"Shanghai Maple","C52"
"Shanghai Maple","C61"
"Shanghai Maple","C81"
"Shifeng","E-Car"
"ShuangHuan","Noble"
"ShuangHuan","Sceo"
"Simca","1300/1500"
"Simca",1307
"Skoda","100 Series"
"Skoda","'105"
"Skoda","105/120/130"
"Skoda",1200
"Skoda","Citigo"
"Skoda","Fabia"
"Skoda","Fabia RS"
"Skoda","Favorit"
"Skoda","Felicia"
"Skoda","Forman"
"Skoda","Kamiq"
"Skoda","Karoq"
"Skoda","Kodiaq"
"Skoda","Kodiaq RS"
"Skoda","Octavia"
"Skoda","Octavia RS"
"Skoda","Popular"
"Skoda","Rapid"
"Skoda","Roomster"
"Skoda","Scala"
"Skoda","Superb"
"Skoda","Yeti"
"SMA","Maple Hysoul"
"SMA","Maple Marindo"
"Smart","Forfour"
"Smart","Fortwo"
"Smart","Roadster"
"SMZ","S-ZA"
"SMZ","S-ZD"
"Soueast","Lioncel"
"Spectre","R42"
"Spectre","R45"
"Spyker","C8"
"SsangYong","Actyon"
"SsangYong","Actyon Sports"
"SsangYong","Chairman"
"SsangYong","Istana"
"SsangYong","Kallista"
"SsangYong","Korando"
"SsangYong","Korando Family"
"SsangYong","Korando Sports"
"SsangYong","Korando Turismo"
"SsangYong","Kyron"
"SsangYong","Musso"
"SsangYong","Nomad"
"SsangYong","Rexton"
"SsangYong","Rodius"
"SsangYong","Stavic"
"SsangYong","Tivoli"
"SsangYong","XLV"
"Steyr",1500
"Studebaker","Golden Hawk"
"Subaru",1000
"Subaru",360
"Subaru","Alcyone"
"Subaru","Ascent"
"Subaru","Baja"
"Subaru","Bighorn"
"Subaru","Bistro"
"Subaru","BRAT"
"Subaru","BRZ"
"Subaru","Dex"
"Subaru","Dias Wagon"
"Subaru","Domingo"
"Subaru","Exiga"
"Subaru","Exiga Crossover 7"
"Subaru","Forester"
"Subaru","Impreza"
"Subaru","Impreza WRX"
"Subaru","Impreza WRX STi"
"Subaru","Justy"
"Subaru","Legacy"
"Subaru","Legacy Lancaster"
"Subaru","Leone"
"Subaru","Levorg"
"Subaru","Libero"
"Subaru","Lucra"
"Subaru","Outback"
"Subaru","Pleo"
"Subaru","R1"
"Subaru","R2"
"Subaru","Sambar"
"Subaru","Stella"
"Subaru","SVX"
"Subaru","Traviq"
"Subaru","Tribeca"
"Subaru","Vivio"
"Subaru","WRX"
"Subaru","WRX STi"
"Subaru","XT"
"Subaru","XV"
"Suzuki","Aerio"
"Suzuki","Alto"
"Suzuki","Alto Lapin"
"Suzuki","APV"
"Suzuki","Baleno"
"Suzuki","Cappuccino"
"Suzuki","Cara"
"Suzuki","Carry"
"Suzuki","Celerio"
"Suzuki","Cervo"
"Suzuki","Ciaz"
"Suzuki","Cultus"
"Suzuki","Equator"
"Suzuki","Ertiga"
"Suzuki","Escudo"
"Suzuki","Esteem"
"Suzuki","Every"
"Suzuki","Forenza"
"Suzuki","Fronte"
"Suzuki","Grand Vitara"
"Suzuki","Hustler"
"Suzuki","Ignis"
"Suzuki","Jimny"
"Suzuki","Kei"
"Suzuki","Kizashi"
"Suzuki","Landy"
"Suzuki","Liana"
"Suzuki","MR Wagon"
"Suzuki","Palette"
"Suzuki","Reno"
"Suzuki","Samurai"
"Suzuki","Sidekick"
"Suzuki","Solio"
"Suzuki","Spacia"
"Suzuki","Splash"
"Suzuki","Swift"
"Suzuki","SX4"
"Suzuki","Twin"
"Suzuki","Verona"
"Suzuki","Vitara"
"Suzuki","Wagon R"
"Suzuki","Wagon R+"
"Suzuki","X-90"
"Suzuki","Xbee"
"Suzuki","XL7"
"TagAZ","Aquila"
"TagAZ","C-30"
"TagAZ","C10"
"TagAZ","C190"
"TagAZ","C30"
"TagAZ","Corda"
"TagAZ","Estina"
"TagAZ","Road Partner"
"TagAZ","Tager"
"TagAZ","Tingo"
"TagAZ","Vega"
"Talbot","Solara"
"Tata","Estate"
"Tata","Indica"
"Tata","Indigo"
"Tata","Mint"
"Tata","Nano"
"Tata","Safari"
"Tata","Sierra"
"Tata","Sumo"
"Tata","Sumo Grande"
"Tata","Telcoline"
"Tata","Xenon"
"Tatra",57
"Tatra",77
"Tatra",80
"Tatra",87
"Tatra","T603"
"Tatra","T613"
"Tatra","T700"
"Tesla","Model 3"
"Tesla","Model S"
"Tianma","Century"
"Tianma","Dragon"
"Tianye","Admiral"
"Tofas",131
"Tofas","Albea"
"Tofas","Brava"
"Tofas","Bravo"
"Tofas","Doblo"
"Tofas","Dogan"
"Tofas","Kartal"
"Tofas","Murat 124"
"Tofas","Murat 131"
"Tofas","Palio"
"Tofas","Sahin"
"Tofas","Serce"
"Tofas","Siena"
"Tofas","Tempra"
"Tofas","Tipo"
"Tofas","UNO"
"Toyota","2000GT"
"Toyota","4Runner"
"Toyota","Allex"
"Toyota","Allion"
"Toyota","Alphard"
"Toyota","Altezza"
"Toyota","Aqua"
"Toyota","Aristo"
"Toyota","Aurion"
"Toyota","Auris"
"Toyota","Avalon"
"Toyota","Avanza"
"Toyota","Avensis"
"Toyota","Avensis T27"
"Toyota","Avensis Verso"
"Toyota","Aygo"
"Toyota","bB"
"Toyota","Belta"
"Toyota","Blade"
"Toyota","Blizzard"
"Toyota","Brevis"
"Toyota","C-HR"
"Toyota","Caldina"
"Toyota","Cami"
"Toyota","Camry"
"Toyota","Camry Solara"
"Toyota","Carina"
"Toyota","Carina E"
"Toyota","Carina ED"
"Toyota","Cavalier"
"Toyota","Celica"
"Toyota","Celsior"
"Toyota","Century"
"Toyota","Chaser"
"Toyota","Classic"
"Toyota","Comfort"
"Toyota","Corolla"
"Toyota","Corolla Ceres"
"Toyota","Corolla Cross"
"Toyota","Corolla II"
"Toyota","Corolla Levin"
"Toyota","Corolla Rumion"
"Toyota","Corolla Spacio"
"Toyota","Corolla Verso"
"Toyota","Corona"
"Toyota","Corona EXiV"
"Toyota","Corsa"
"Toyota","Cressida"
"Toyota","Cresta"
"Toyota","Crown"
"Toyota","Crown Majesta"
"Toyota","Curren"
"Toyota","Cynos"
"Toyota","Duet"
"Toyota","Echo"
"Toyota","Esquire"
"Toyota","Estima"
"Toyota","Etios"
"Toyota","FJ Cruiser"
"Toyota","Fortuner"
"Toyota","Fun Cargo"
"Toyota","FunCargo"
"Toyota","Gaia"
"Toyota","Grand HiAce"
"Toyota","Granvia"
"Toyota","GT 86"
"Toyota","GT86"
"Toyota","Harrier"
"Toyota","Hiace"
"Toyota","Highlander"
"Toyota","Hilux"
"Toyota","Hilux Surf"
"Toyota","Innova"
"Toyota","Ipsum"
"Toyota","iQ"
"Toyota","Isis"
"Toyota","Ist"
"Toyota","Kluger"
"Toyota","Land Cruiser"
"Toyota","Land Cruiser Prado"
"Toyota","Lite Ace"
"Toyota","Mark II"
"Toyota","Mark X"
"Toyota","Mark X Zio"
"Toyota","MasterAce Surf"
"Toyota","Matrix"
"Toyota","Mega Cruiser"
"Toyota","Model F"
"Toyota","MR-S"
"Toyota","MR2"
"Toyota","Nadia"
"Toyota","Noah"
"Toyota","Opa"
"Toyota","Origin"
"Toyota","Paseo"
"Toyota","Passo"
"Toyota","Passo Sette"
"Toyota","Picnic"
"Toyota","Pixis Joy"
"Toyota","Pixis Space"
"Toyota","Pixis Van"
"Toyota","Platz"
"Toyota","Porte"
"Toyota","Premio"
"Toyota","Previa"
"Toyota","Prius"
"Toyota","Prius a"
"Toyota","Prius Alpha"
"Toyota","Prius C"
"Toyota","Prius Plus"
"Toyota","Prius V"
"Toyota","ProAce"
"Toyota","Probox"
"Toyota","Progres"
"Toyota","Pronard"
"Toyota","Publica"
"Toyota","Ractis"
"Toyota","Raize"
"Toyota","Raum"
"Toyota","RAV4"
"Toyota","Roomy"
"Toyota","Rukus"
"Toyota","Rush"
"Toyota","Sai"
"Toyota","Scepter"
"Toyota","Sequoia"
"Toyota","Sera"
"Toyota","Sienna"
"Toyota","Sienta"
"Toyota","Soarer"
"Toyota","Spade"
"Toyota","Sparky"
"Toyota","Sports 800"
"Toyota","Sprinter"
"Toyota","Sprinter Carib"
"Toyota","Sprinter Marino"
"Toyota","Sprinter Trueno"
"Toyota","Starlet"
"Toyota","Succeed"
"Toyota","Supra"
"Toyota","Tacoma"
"Toyota","Tank"
"Toyota","Tercel"
"Toyota","Touring HiAce"
"Toyota","Town Ace"
"Toyota","Tundra"
"Toyota","Urban Cruiser"
"Toyota","Vanguard"
"Toyota","Vellfire"
"Toyota","Venza"
"Toyota","Verossa"
"Toyota","Verso"
"Toyota","Verso-S"
"Toyota","Vios"
"Toyota","Vista"
"Toyota","Vitz"
"Toyota","Voltz"
"Toyota","Voxy"
"Toyota","WiLL"
"Toyota","Will Cypha"
"Toyota","Will Vi"
"Toyota","Will VS"
"Toyota","Windom"
"Toyota","Wish"
"Toyota","Yaris"
"Toyota","Yaris Verso"
"Toyota","Zelas"
"Trabant","1.1"
"Trabant","P 601"
"Triumph","Acclaim"
"Triumph","Spitfire"
"Triumph","Stag"
"Triumph","TR4"
"Triumph","TR6"
"Triumph","TR7"
"Triumph","TR8"
"TVR",280
"TVR",350
"TVR",390
"TVR",400
"TVR",420
"TVR",450
"TVR","Cerbera"
"TVR","Chimaera"
"TVR","Griffith"
"TVR","S"
"TVR","S-Series"
"TVR","Sagaris"
"TVR","Taimar"
"TVR","Tamora"
"TVR","Tasmin"
"TVR","Tuscan"
"UAZ","3128 ""Astero"""
"UAZ",3151
"UAZ",3153
"UAZ",3159
"UAZ","3159 ""Bars"""
"UAZ",3160
"UAZ","3162 ""Simbir"""
"UAZ",3909
"UAZ",452
"UAZ",469
"UAZ","Hunter"
"UAZ","Patriot"
"UAZ","Pickup"
"Ultima","GTR"
"Vauxhall","Arena"
"Vauxhall","Cascada"
"Vauxhall","Adam"
"Vauxhall","Agila"
"Vauxhall","Ampera"
"Vauxhall","Antara"
"Vauxhall","Astra"
"Vauxhall","Carlton"
"Vauxhall","Cavalier"
"Vauxhall","Chevette"
"Vauxhall","Corsa"
"Vauxhall","Crossland X"
"Vauxhall","Firenza"
"Vauxhall","Frontera"
"Vauxhall","Insignia"
"Vauxhall","Meriva"
"Vauxhall","Mokka"
"Vauxhall","Monaro"
"Vauxhall","Movano"
"Vauxhall","Omega"
"Vauxhall","Royale"
"Vauxhall","Signum"
"Vauxhall","Tigra"
"Vauxhall","Vectra"
"Vauxhall","Velox"
"Vauxhall","Ventora"
"Vauxhall","Viceroy"
"Vauxhall","Victor"
"Vauxhall","Viva"
"Vauxhall","VX220"
"Vauxhall","VXR8"
"Vauxhall","Zafira"
"VAZ (Lada)","1111 Oka"
"VAZ (Lada)",2101
"VAZ (Lada)",2102
"VAZ (Lada)",2103
"VAZ (Lada)",2104
"VAZ (Lada)",2105
"VAZ (Lada)",2106
"VAZ (Lada)",2107
"VAZ (Lada)",2108
"VAZ (Lada)",2109
"VAZ (Lada)",21093
"VAZ (Lada)",21099
"VAZ (Lada)",2110
"VAZ (Lada)",2111
"VAZ (Lada)",2112
"VAZ (Lada)",2113
"VAZ (Lada)",2114
"VAZ (Lada)",2115
"VAZ (Lada)","2120 Nadezhda"
"VAZ (Lada)","2121 (4x4)"
"VAZ (Lada)",2123
"VAZ (Lada)","2131 (4x4)"
"VAZ (Lada)","4x4"
"VAZ (Lada)","Granta"
"VAZ (Lada)","Granta Drive Active"
"VAZ (Lada)","Kalina"
"VAZ (Lada)","Largus"
"VAZ (Lada)","Niva"
"VAZ (Lada)","Priora"
"VAZ (Lada)","Vesta"
"VAZ (Lada)","XRAY"
"Vector","M12"
"Vector","W8"
"Vector","W8 Twin Turbo"
"Venturi",210
"Venturi","260 LM"
"Venturi",300
"Venturi","300 Atlantique"
"Venturi",400
"Venturi","400 GT"
"Volkswagen",181
"Volkswagen","Amarok"
"Volkswagen","Arteon"
"Volkswagen","Atlas"
"Volkswagen","Atlas Cross Sport"
"Volkswagen","Beetle"
"Volkswagen","Bora"
"Volkswagen","Brasilia"
"Volkswagen","Caddy"
"Volkswagen","California"
"Volkswagen","Caravelle"
"Volkswagen","Citi Golf"
"Volkswagen","Clasico"
"Volkswagen","Corrado"
"Volkswagen","Derby"
"Volkswagen","Eos"
"Volkswagen","EuroVan"
"Volkswagen","Fox"
"Volkswagen","Gol"
"Volkswagen","Golf"
"Volkswagen","Golf GTI"
"Volkswagen","Golf R"
"Volkswagen","Golf Sportsvan"
"Volkswagen","Iltis"
"Volkswagen","Jetta"
"Volkswagen","K70"
"Volkswagen","Karmann Ghia"
"Volkswagen","Karmann-Ghia"
"Volkswagen","Lavida"
"Volkswagen","Lupo"
"Volkswagen","Magotan"
"Volkswagen","Multivan"
"Volkswagen","Parati"
"Volkswagen","Passat"
"Volkswagen","Passat (North America)"
"Volkswagen","Passat CC"
"Volkswagen","Passat Variant"
"Volkswagen","Phaeton"
"Volkswagen","Pointer"
"Volkswagen","Polo"
"Volkswagen","Polo Vivo Dune"
"Volkswagen","Quantum"
"Volkswagen","Rabbit"
"Volkswagen","Routan"
"Volkswagen","Sagitar"
"Volkswagen","Saveiro"
"Volkswagen","Scirocco"
"Volkswagen","Sharan"
"Volkswagen","SP2"
"Volkswagen","Suran"
"Volkswagen","T-Cross"
"Volkswagen","T-Roc"
"Volkswagen","T-Roc R"
"Volkswagen","Taro"
"Volkswagen","Teramont"
"Volkswagen","Tiguan"
"Volkswagen","Touareg"
"Volkswagen","Touran"
"Volkswagen","Transporter"
"Volkswagen","Type 3"
"Volkswagen","Type 4"
"Volkswagen","Up"
"Volkswagen","up!"
"Volkswagen","Variant VII"
"Volkswagen","Vento"
"Volkswagen","Voyage"
"Volkswagen","XL1"
"Volvo","120 Series"
"Volvo","140 Series"
"Volvo",164
"Volvo",240
"Volvo","240 Series"
"Volvo","260 Series"
"Volvo","300 Series"
"Volvo",440
"Volvo",460
"Volvo",480
"Volvo",740
"Volvo",760
"Volvo",850
"Volvo",940
"Volvo",960
"Volvo","C30"
"Volvo","C70"
"Volvo","P1800"
"Volvo","P1900"
"Volvo","S40"
"Volvo","S60"
"Volvo","S70"
"Volvo","S80"
"Volvo","S90"
"Volvo","V40"
"Volvo","V50"
"Volvo","V60"
"Volvo","V60 Cross Country"
"Volvo","V70"
"Volvo","V90"
"Volvo","V90 Cross Country"
"Volvo","XC40"
"Volvo","XC60"
"Volvo","XC70"
"Volvo","XC90"
"Vortex","Corda"
"Vortex","Estina"
"Vortex","Tingo"
"Wanderer","W23"
"Wanderer","W50"
"Wartburg",353
"Wiesmann","GT"
"Wiesmann","MF3"
"Willys","CJ"
"Willys","Jeepster"
"Willys","Knight Model 20"
"Wuling","Sunshine"
"Wuling","Xingwang"
"Xin Kai","PICKUP X3"
"Xin Kai","SR-V X3"
"Xin Kai","SUV X3"
"Yulon","Feeling"
"Zastava","Florida"
"Zastava","Skala"
"Zastava","Yugo"
"Zastava","Yugo Florida"
"Zastava","Yugo Koral"
"Zastava","Yugo Skala"
"ZAZ",1102
"ZAZ","1102 ""Tavria"""
"ZAZ",1103
"ZAZ","1103 ""Slavuta"""
"ZAZ",1105
"ZAZ","1105 ""Dana"""
"ZAZ",965
"ZAZ",966
"ZAZ",968
"ZAZ","Chance"
"ZAZ","Forza"
"ZAZ","Lanos"
"ZAZ","Sens"
"ZAZ","Vida"
"ZAZ","ZAZ Tavria Nova (1102)"
"Zibar","MK2"
"ZIL",111
"ZIL",114
"ZIL",117
"ZIL",4104
"ZiS",101
"ZiS",110
"Zotye","Coupa"
"Zotye","Nomad (RX6400)"
"Zotye","SR9"
"Zotye","T600"
"Zotye","Z100"
"Zotye","Z300"
"ZX","Admiral"
"ZX","Grand Tiger"
"ZX","GrandTiger"
"ZX","Landmark"
